location_id,location_count,location_n,first,last,latitude,longitude,street,house_number,post_code,autobahn,bundesstrasse,autohof,brand_id,brand_change,id_data,id_data_updated,update_id,update_seq,wzw_index,wzw_clevertanken,wzw_partner,wzw_verwaltung,wzw_inhaber,munich,group80,group85,group90,verf_inc_pp,density,under_2min_x,under_5min_x,under_10min_x,under_2min_y,under_5min_y,under_10min_y,minim_time_next_x,under_2min,under_5min,under_10min,minim_time_next_y
12307,1,1,2019-01-01,2023-02-28,48.13664245605469,11.5662202835083,josephspitalstrasse,12,80331,0,0,0,agip,,f96b0d2b-c33b-4d8e-a08b-6a9e2f3c657a,f96b0d2b-c33b-4d8e-a08b-6a9e2f3c657a,0,,143445.0,17495.0,ENI,ENI,Eni Deutschland GmbH,1,1,1,1,31917.0,4.7565722,0,4,40,0,4,40,233.3,0,4,40,233.3
12308,1,1,2019-01-01,2023-02-28,48.14937973022461,11.54800510406494,nymphenburger strasse,57-59,80335,0,0,0,shell,,5c97286d-228e-4def-8d30-2c2f63668b92,5c97286d-228e-4def-8d30-2c2f63668b92,0,,144153.0,9621.0,Shell-Tankstellen,Mty Yasar,Mty Yasar GmbH,1,21,16,16,31917.0,4.7565722,0,6,43,0,6,43,178.6,0,6,43,178.6
12309,1,1,2019-01-01,2023-02-27,48.1329460144043,11.58092784881592,baader strasse,6,80469,0,0,0,bk,,41c5eac2-7a17-46d8-90fe-d0a8c56db5fc,41c5eac2-7a17-46d8-90fe-d0a8c56db5fc,0,,150344.0,21709.0,Sonstige-Freie-Tankstellen,Sonstige Tankstellen,IsarParkhaus am Isartorplatz e.K.,1,1,1,1,31917.0,4.7565722,0,4,40,0,4,40,135.2,0,4,40,135.2
12310,1,1,2019-01-01,2023-02-28,48.1238899230957,11.5648307800293,kapuzinerstrasse,46,80469,0,0,0,aral,,fb79c457-543a-4ff6-ba70-cd270ac2110a,fb79c457-543a-4ff6-ba70-cd270ac2110a,0,,146797.0,11161.0,ARAL-Tankstellen,ARAL,Aral Aktiengesellschaft,1,1,1,1,31917.0,4.7565722,0,5,28,0,5,28,205.6,0,5,28,205.6
12311,1,1,2019-01-01,2023-02-28,48.15749740600586,11.5438928604126,leonrodstrasse,48,80636,0,0,0,total,,e4b3161b-269e-41f9-8c56-d813a6733668,e4b3161b-269e-41f9-8c56-d813a6733668,0,,150132.0,18090.0,Total Tankstellen,TOTAL,TOTAL Deutschland GmbH,1,21,16,16,31917.0,4.7565722,1,8,46,1,8,46,109.5,1,8,46,109.5
12312,1,1,2019-01-01,2023-02-28,48.16355514526367,11.53734302520752,landshuter allee,163,80637,0,0,0,aral,,cde32a83-5c45-4797-aea3-5c92c5fc113e,cde32a83-5c45-4797-aea3-5c92c5fc113e,0,,142916.0,5328.0,ARAL-Tankstellen,ARAL,Aral Aktiengesellschaft,1,21,16,16,31917.0,4.7565722,0,4,36,0,4,36,181.9,0,4,36,181.9
12313,1,1,2019-01-01,2023-02-28,48.16008758544922,11.51180362701416,menzinger strasse,10,80638,0,0,0,shell,,7b2fc7a4-f619-4994-aa91-ce5d880899e0,7b2fc7a4-f619-4994-aa91-ce5d880899e0,0,,149546.0,9627.0,Shell-Tankstellen,Richard Halter,Richard Halter GmbH,1,22,17,17,31917.0,4.7565722,0,10,45,0,10,45,142.0,0,10,45,142.0
12314,1,1,2019-01-01,2023-02-28,48.15233612060547,11.51424694061279,arnulfstrasse,279,80639,0,0,0,esso,,417b06c4-5041-4e85-9227-8c9694ca9fb9,417b06c4-5041-4e85-9227-8c9694ca9fb9,0,,143794.0,17037.0,Esso-Tankstellen,ROC,Retail Operating Company Deutschland GmbH,1,22,17,17,31917.0,4.7565722,1,3,34,1,3,34,89.1,1,3,34,89.1
12315,1,1,2019-01-01,2023-02-28,48.15773010253906,11.52827262878418,nymphenburger strasse,205,80639,0,0,0,aral,,54653788-7857-4a91-baf7-7e58a8145224,54653788-7857-4a91-baf7-7e58a8145224,0,,149432.0,5334.0,ARAL-Tankstellen,ARAL,Aral Aktiengesellschaft,1,21,16,16,31917.0,4.7565722,0,7,40,0,7,40,197.3,0,7,40,197.3
12316,1,1,2019-01-01,2023-02-10,48.14895248413086,11.51995086669922,wilhelm hale strasse,55,80639,0,0,0,shell,,5342d82a-fefd-44c8-a59d-be8111fdb867,5342d82a-fefd-44c8-a59d-be8111fdb867,0,,150140.0,9607.0,Shell-Tankstellen,Shell Deutschland,Thomas Bauch GmbH,1,22,17,17,31917.0,4.7565722,0,7,36,0,7,36,169.0,0,7,36,169.0
12317,1,1,2019-01-01,2023-02-28,48.15280151367188,11.50730037689209,wotanstrasse,85,80639,0,0,0,jet,,51d4b591-a095-1aa0-e100-80009459e03a,51d4b591-a095-1aa0-e100-80009459e03a,0,,155216.0,11399.0,JET,JET,ConocoPhillips Germany GmbH,1,22,17,17,31917.0,4.7565722,2,9,44,2,9,44,90.9,2,9,44,90.9
12318,1,1,2019-01-01,2023-02-28,48.13400268554688,11.50242614746094,fuerstenrieder strasse,80,80686,0,0,0,shell,,26bd62f8-6021-4418-ba4f-26100f8dca1e,26bd62f8-6021-4418-ba4f-26100f8dca1e,0,,146292.0,9629.0,Shell-Tankstellen,Mty Yasar,Mty Yasar GmbH,1,28,23,19,31917.0,4.7565722,1,6,32,1,6,32,44.2,1,6,32,44.2
12319,1,1,2019-01-01,2023-02-28,48.13150024414063,11.50269985198975,fuerstenrieder strasse,98,80686,0,0,0,jet,,51d4b5b3-a095-1aa0-e100-80009459e03a,51d4b5b3-a095-1aa0-e100-80009459e03a,0,,155207.0,20201.0,JET,JET,ConocoPhillips Germany GmbH,1,28,23,19,31917.0,4.7565722,2,8,36,2,8,36,102.9,2,8,36,102.9
12320,1,1,2019-01-01,2023-02-28,48.12715148925781,11.52223300933838,garmischer strasse,138,80686,0,0,0,aral,,aa871caa-3b3d-4596-9ced-5d34eb3f1002,aa871caa-3b3d-4596-9ced-5d34eb3f1002,0,,146939.0,10974.0,ARAL-Tankstellen,ARAL,Aral Aktiengesellschaft,1,30,23,19,31917.0,4.7565722,1,6,39,1,6,39,86.2,1,6,39,86.2
12321,1,1,2019-01-01,2023-02-28,48.13418579101563,11.52348899841309,westendstrasse,183,80686,0,0,0,esso,,b457a782-e3d4-4513-a258-c4d3e199d79a,b457a782-e3d4-4513-a258-c4d3e199d79a,0,,143602.0,1205.0,Esso-Tankstellen,ROC,Retail Operating Company Deutschland GmbH,1,30,23,19,31917.0,4.7565722,0,8,38,0,8,38,143.3,0,8,38,143.3
12322,1,1,2019-01-01,2023-02-28,48.1411018371582,11.5226001739502,landsberger strasse,184,80687,0,0,0,jet,,51d4b443-a095-1aa0-e100-80009459e03a,51d4b443-a095-1aa0-e100-80009459e03a,0,,155211.0,14965.0,JET,JET,ConocoPhillips Germany GmbH,1,22,17,17,31917.0,4.7565722,0,8,39,0,8,39,179.4,0,8,39,179.4
12323,1,1,2019-01-01,2023-02-28,48.16114044189453,11.55660533905029,schwere reiter strasse,26,80797,0,0,0,shell,,ce503b9d-54d1-45c8-98e8-b1da736d4110,ce503b9d-54d1-45c8-98e8-b1da736d4110,0,,145448.0,9612.0,Shell-Tankstellen,Shell Deutschland,Shell Deutschland Oil GmbH,1,21,16,16,31917.0,4.7565722,1,6,42,1,6,42,30.1,1,6,42,30.1
12324,1,1,2019-01-01,2023-02-28,48.16100311279297,11.55850410461426,schwere reiter strasse,26b,80797,0,0,0,aral,,c573f0dc-aedb-46b4-a9dd-18b0eb06787e,c573f0dc-aedb-46b4-a9dd-18b0eb06787e,0,,156714.0,12377.0,ARAL-Tankstellen,Sonstige Tankstellen,Aral Aktiengesellschaft,1,21,16,16,31917.0,4.7565722,1,6,45,1,6,45,32.8,1,6,45,32.8
12325,2,1,2019-01-01,2022-07-20,48.16604995727539,11.59002017974854,ungererstrasse,46-50,80802,0,0,0,omv,,0210259d-bdbb-4cf0-8a6b-60d3275c0791,0210259d-bdbb-4cf0-8a6b-60d3275c0791,0,,143439.0,16141.0,OMV,OMV,OMV Deutschland GmbH,1,11,11,11,31917.0,4.7565722,1,6,52,1,6,52,24.4,1,6,52,24.4
12325,2,2,2022-07-20,2023-02-28,48.16604995727539,11.59002017974854,ungererstrasse,46-50,80802,0,0,0,avia,1.0,22c01270-4792-418a-b2cf-184f3104f4d3,22c01270-4792-418a-b2cf-184f3104f4d3,0,,143439.0,16141.0,,,,1,11,11,11,31917.0,4.7565722,1,6,52,1,6,52,24.4,1,6,52,24.4
12326,1,1,2019-01-01,2023-02-28,48.16611480712891,11.59079265594482,ungererstrasse,54,80802,0,0,0,esso,,1b75ed80-2574-4156-aab9-5efb7d29e503,1b75ed80-2574-4156-aab9-5efb7d29e503,0,,144937.0,17046.0,Esso-Tankstellen,ROC,Retail Operating Company Deutschland GmbH,1,11,11,11,31917.0,4.7565722,2,7,55,2,7,55,74.1,2,7,55,74.1
12327,1,1,2019-01-01,2023-02-28,48.1685791015625,11.58657360076904,leopoldstrasse,140,80804,0,0,0,shell,,52d554ea-73ce-4d4c-bee3-0a858ededb33,52d554ea-73ce-4d4c-bee3-0a858ededb33,0,,148833.0,9605.0,Shell-Tankstellen,Rebo,Rebo Service GmbH,1,11,11,11,31917.0,4.7565722,2,8,47,2,8,47,79.8,2,8,47,79.8
12328,1,1,2019-01-01,2021-09-02,48.17532730102539,11.58596515655518,leopoldstrasse,208,80804,0,0,0,aral,,c6730f5a-478d-46aa-9514-d1e0df21f277,c6730f5a-478d-46aa-9514-d1e0df21f277,0,,143315.0,1301.0,ARAL-Tankstellen,ARAL,Aral Aktiengesellschaft,1,11,11,11,31917.0,4.7565722,0,10,50,0,10,50,128.6,0,10,50,128.6
12329,1,1,2019-01-01,2023-02-28,48.17129135131836,11.59473133087158,ungererstrasse,65,80805,0,0,0,shell,,0abaccf2-5efa-4536-b5c5-afe3932e3724,0abaccf2-5efa-4536-b5c5-afe3932e3724,0,,143687.0,9609.0,Shell-Tankstellen,Rebo,Rebo Service GmbH,1,11,11,11,31917.0,4.7565722,1,6,45,1,6,45,89.0,1,6,45,89.0
12330,1,1,2019-01-01,2023-02-28,48.18669891357422,11.60659980773926,frankfurter ring,241,80807,0,0,0,jet,,51d4b49a-a095-1aa0-e100-80009459e03a,51d4b49a-a095-1aa0-e100-80009459e03a,0,,144706.0,13804.0,JET,JET,ConocoPhillips Germany GmbH,1,12,12,12,31917.0,4.7565722,0,2,35,0,2,35,200.7,0,2,35,200.7
12331,1,1,2019-01-01,2023-02-28,48.1879997253418,11.58060932159424,frankfurter ring,87,80807,0,0,0,shell,,8bf5c34a-c3f1-4e52-9173-38f6bebbcd3d,8bf5c34a-c3f1-4e52-9173-38f6bebbcd3d,0,,143404.0,9632.0,Shell-Tankstellen,Rebo,Rebo Service GmbH,1,12,12,12,31917.0,4.7565722,0,10,40,0,10,40,153.6,0,10,40,153.6
12332,1,1,2019-01-01,2023-02-28,48.17816162109375,11.57212924957275,petuelring,92,80807,0,0,0,total,,ed29a720-c573-49d1-af9c-467c8d83969d,ed29a720-c573-49d1-af9c-467c8d83969d,0,,147652.0,9619.0,Total Tankstellen,TOTAL,TOTAL Deutschland GmbH,1,13,13,13,31917.0,4.7565722,1,11,43,1,11,43,68.3,1,11,43,68.3
12333,1,1,2019-01-01,2023-02-28,48.17729187011719,11.58935260772705,schenkendorfstrasse,15,80807,0,0,0,aral,,c8055d92-fe51-465c-8569-edda2a74b1a0,c8055d92-fe51-465c-8569-edda2a74b1a0,0,,149734.0,1975.0,ARAL-Tankstellen,ARAL,Aral Aktiengesellschaft,1,11,11,11,31917.0,4.7565722,0,10,48,0,10,48,121.1,0,10,48,121.1
12334,1,1,2019-01-01,2023-02-28,48.18267059326172,11.55393505096436,lerchenauer strasse,75,80809,0,0,0,total,,43bd86fc-24e7-4880-9caf-8bc4d1fa42e9,43bd86fc-24e7-4880-9caf-8bc4d1fa42e9,0,,147456.0,55980.0,Total Tankstellen,TOTAL,TOTAL Deutschland GmbH,1,14,13,13,31917.0,4.7565722,0,11,43,0,11,43,149.0,0,11,43,149.0
12335,1,1,2019-01-01,2023-02-28,48.18654251098633,11.56113243103027,moosacher strasse,25,80809,0,0,0,shell,,cd76d303-7e72-4fc8-bbaf-04328901c322,cd76d303-7e72-4fc8-bbaf-04328901c322,0,,150324.0,5347.0,Shell-Tankstellen,Rebo,Rebo Service GmbH,1,14,13,13,31917.0,4.7565722,1,12,42,1,12,42,69.7,1,12,42,69.7
12336,1,1,2019-01-01,2023-02-28,48.18645095825195,11.55603408813477,moosacher strasse,36,80809,0,0,0,total,,5511a3ad-8e10-4838-8acb-1915927606d9,5511a3ad-8e10-4838-8acb-1915927606d9,0,,200058.0,53737.0,Total Tankstellen,TOTAL,TOTAL Deutschland GmbH,1,14,13,13,31917.0,4.7565722,2,12,43,2,12,43,78.6,2,12,43,78.6
12337,1,1,2019-01-01,2023-02-28,48.17878723144531,11.56709671020508,schleissheimer strasse,257,80809,0,0,0,aral,,3d2fe1ed-0684-4006-9b96-674a48debb8f,3d2fe1ed-0684-4006-9b96-674a48debb8f,0,,149468.0,16142.0,ARAL-Tankstellen,ARAL,Aral Aktiengesellschaft,1,13,13,13,31917.0,4.7565722,1,17,46,1,17,46,103.4,1,17,46,103.4
12338,1,1,2019-01-01,2023-02-28,48.17450332641602,11.56627178192139,schleissheimer strasse,272,80809,0,0,0,shell,,0e958d31-5503-4b9c-bf1d-5a18e20c473e,0e958d31-5503-4b9c-bf1d-5a18e20c473e,0,,146965.0,9613.0,Shell-Tankstellen,Rebo,Rebo Service GmbH,1,13,13,13,31917.0,4.7565722,2,13,43,2,13,43,61.8,2,13,43,61.8
12339,1,1,2019-01-01,2023-02-28,48.21265029907227,11.56013870239258,duelferstrasse,3,80933,0,0,0,aral,,dfffa0d9-7e31-4dd2-8fec-79af950f13ac,dfffa0d9-7e31-4dd2-8fec-79af950f13ac,0,,144565.0,33530.0,ARAL-Tankstellen,ARAL,Aral Aktiengesellschaft,1,17,14,14,31917.0,4.7565722,1,3,22,1,3,22,100.0,1,3,22,100.0
12340,1,1,2019-01-01,2023-02-28,48.19231033325195,11.564284324646,detmoldstrasse,1,80935,0,0,0,total,,59a68826-5a76-499f-82d3-f49fc076d284,59a68826-5a76-499f-82d3-f49fc076d284,0,,150528.0,31642.0,Total Tankstellen,TOTAL,TOTAL Deutschland GmbH,1,13,13,13,31917.0,4.7565722,0,12,37,0,12,37,144.5,0,12,37,144.5
12341,1,1,2019-01-01,2023-02-28,48.20454406738281,11.55895137786865,gundermannstrasse,6,80935,0,0,0,shell,,02071bff-1f29-4c5e-9823-3644589ee89e,02071bff-1f29-4c5e-9823-3644589ee89e,0,,146992.0,5342.0,Shell-Tankstellen,Rebo,Rebo Service GmbH,1,17,14,14,31917.0,4.7565722,0,3,21,0,3,21,182.5,0,3,21,182.5
12342,1,1,2019-01-01,2023-02-28,48.19113159179688,11.62036037445068,freisinger landstrasse,26,80939,0,0,0,omv,,bcef8473-305c-4617-aa90-a87a459786ee,bcef8473-305c-4617-aa90-a87a459786ee,0,,144332.0,27280.0,OMV,OMV,OMV Deutschland GmbH,1,18,15,15,31917.0,4.7565722,2,2,25,2,2,25,27.5,2,2,25,27.5
12343,1,1,2019-01-01,2023-02-28,48.1904411315918,11.61779022216797,freisinger landstrasse,9,80939,0,0,0,omv,,e2b1503f-6be0-4f7b-979f-b105f3ab28c9,e2b1503f-6be0-4f7b-979f-b105f3ab28c9,0,,149951.0,27279.0,OMV,OMV,OMV Deutschland GmbH,1,18,15,15,31917.0,4.7565722,2,2,25,2,2,25,13.6,2,2,25,13.6
12344,1,1,2019-01-01,2023-02-28,48.20109939575195,11.58979988098145,heidemannstrasse,40,80939,0,0,0,jet,,51d4b535-a095-1aa0-e100-80009459e03a,51d4b535-a095-1aa0-e100-80009459e03a,0,,155203.0,151713.0,JET,JET,ConocoPhillips Germany GmbH,1,12,12,12,31917.0,4.7565722,1,5,31,1,5,31,66.3,1,5,31,66.3
12345,2,1,2019-01-01,2019-01-01,48.19557205481047,11.59735335833864,helene wessel bogen,26,80939,0,0,0,sonstige,,51d4b533-a095-1aa0-e100-80009459e03a,51d4b533-a095-1aa0-e100-80009459e03a,0,,201317.0,149131.0,,,,1,12,12,12,31917.0,4.7565722,0,5,27,0,5,27,148.8,0,5,27,148.8
12345,2,2,2019-01-03,2022-05-02,48.19557205481047,11.59735335833864,helene wessel bogen,26,80939,0,0,0,sonstige,0.0,7e44279e-8075-4aee-9e08-ca206554251f,7e44279e-8075-4aee-9e08-ca206554251f,0,,201317.0,149131.0,,,,1,12,12,12,31917.0,4.7565722,0,5,27,0,5,27,148.8,0,5,27,148.8
12346,1,1,2019-01-01,2023-02-28,48.20177841186523,11.58614921569824,ingolstaedter strasse,164-166,80939,0,0,0,aral,,802e24d9-e991-4be7-bac1-7a4e4fc683e2,802e24d9-e991-4be7-bac1-7a4e4fc683e2,0,,147415.0,8170.0,ARAL-Tankstellen,ARAL,Aral Aktiengesellschaft,1,12,12,12,31917.0,4.7565722,1,4,31,1,4,31,99.9,1,4,31,99.9
12347,1,1,2019-01-01,2023-02-28,48.19295883178711,11.58364009857178,ingolstaedter strasse,59,80939,0,0,0,bavaria petrol,,0a404032-7c67-4769-aeb6-2e153747c1f2,0a404032-7c67-4769-aeb6-2e153747c1f2,0,,144473.0,26738.0,Bavaria Petrol,Bavaria Petrol,Bavaria Petrol GmbH & Co. KG,1,12,12,12,31917.0,4.7565722,2,12,38,2,12,38,88.3,2,12,38,88.3
12348,2,1,2019-01-01,2022-02-28,48.19116850073741,11.5864217980544,maria probst strasse,6,80939,0,0,0,sonstige,,51d4b6ad-a095-1aa0-e100-80009459e03a,51d4b6ad-a095-1aa0-e100-80009459e03a,0,,202006.0,35607.0,Supermarkt-Tankstellen,Sonstige Tankstellen,Supermarkt-Tankstelle,1,12,12,12,31917.0,4.7565722,1,6,31,1,6,31,103.1,1,6,31,103.1
12348,2,2,2022-05-18,2023-02-27,48.19116850073741,11.5864217980544,maria probst strasse,6,80939,0,0,0,v-markt,1.0,c1f016a8-1396-4e15-bf2e-1da0a8fc3280,c1f016a8-1396-4e15-bf2e-1da0a8fc3280,0,,202006.0,35607.0,,,,1,12,12,12,31917.0,4.7565722,1,6,31,1,6,31,103.1,1,6,31,103.1
12349,2,1,2019-01-01,2019-03-07,48.19068843025485,11.61656303301404,situlistrasse,36,80939,0,0,0,sprint,,1b348c90-e3af-4d55-ae78-abf721539418,1b348c90-e3af-4d55-ae78-abf721539418,0,,149065.0,149234.0,Sprint Tank,Sprint Tank,Sprint Tank GmbH,1,18,15,15,31917.0,4.7565722,2,2,21,2,2,21,16.7,2,2,21,16.7
12349,2,2,2019-03-07,2023-02-28,48.19068843025485,11.61656303301404,situlistrasse,36,80939,0,0,0,sprint,0.0,867a2e12-b0ae-4386-8c62-a5e1593e83f6,867a2e12-b0ae-4386-8c62-a5e1593e83f6,0,,149065.0,149234.0,Sprint Tank,Sprint Tank,Sprint Tank GmbH,1,18,15,15,31917.0,4.7565722,2,2,21,2,2,21,16.7,2,2,21,16.7
12350,1,1,2019-01-01,2023-02-28,48.17182159423828,11.5071268081665,allacher strasse,20,80992,0,0,0,esso,,298ab794-5244-4a5f-8dbe-74c810c4c301,298ab794-5244-4a5f-8dbe-74c810c4c301,0,,146522.0,12437.0,Esso-Tankstellen,ROC,Retail Operating Company Deutschland GmbH,1,23,18,18,31917.0,4.7565722,1,12,41,1,12,41,119.4,1,12,41,119.4
12351,1,1,2019-01-02,2020-01-31,48.17919158935547,11.50866222381592,baubergerstrasse,16d,80992,0,0,0,sonstige,,f5c37cd6-754f-47fb-9e0e-2d92c3c89596,f5c37cd6-754f-47fb-9e0e-2d92c3c89596,0,,,,,,,1,24,19,18,31917.0,4.7565722,0,9,36,0,9,36,134.1,0,9,36,134.1
12352,1,1,2019-01-01,2023-02-28,48.17850112915039,11.51710033416748,dachauer strasse,240,80992,0,0,0,jet,,51d4b61c-a095-1aa0-e100-80009459e03a,51d4b61c-a095-1aa0-e100-80009459e03a,0,,155210.0,5345.0,JET,JET,ConocoPhillips Germany GmbH,1,24,19,18,31917.0,4.7565722,1,8,40,1,8,40,90.1,1,8,40,90.1
12353,1,1,2019-01-01,2023-02-28,48.17610549926758,11.53561592102051,georg brauchle ring,27,80992,0,0,0,aral,,5741629b-92a8-4a69-878a-e9b496a65dfa,5741629b-92a8-4a69-878a-e9b496a65dfa,0,,150288.0,12476.0,ARAL-Tankstellen,ARAL,Aral Aktiengesellschaft,1,16,13,13,31917.0,4.7565722,0,13,46,0,13,46,163.0,0,13,46,163.0
12354,1,1,2019-01-01,2023-02-28,48.17652893066406,11.53532886505127,georg brauchle ring,30,80992,0,0,0,allguth,,1b2de9d7-f360-4af8-a563-749a44418a27,1b2de9d7-f360-4af8-a563-749a44418a27,0,,145018.0,24412.0,Allguth,Allguth,Allguth GmbH,1,24,19,18,31917.0,4.7565722,1,15,50,1,15,50,80.1,1,15,50,80.1
12355,1,1,2019-01-01,2023-02-28,48.18453598022461,11.5054178237915,dachauer strasse,469,80993,0,0,0,agip,,62deee72-aaf3-4bd0-80e7-af9918b142ef,62deee72-aaf3-4bd0-80e7-af9918b142ef,0,,145747.0,23017.0,ENI,ENI,Eni Deutschland GmbH,1,24,19,18,31917.0,4.7565722,0,7,37,0,7,37,122.9,0,7,37,122.9
12356,2,1,2019-01-01,2022-11-16,48.18759918212891,11.53086090087891,triebstrasse,11e,80993,0,0,0,aral,,2aa5a805-38a3-450c-b92b-f08c78a5fad4,2aa5a805-38a3-450c-b92b-f08c78a5fad4-1,1,1.0,148322.0,639.0,ARAL-Tankstellen,Allguth,Allguth GmbH,1,15,13,13,31917.0,4.7565722,0,11,44,0,11,44,136.3,0,11,44,136.3
12356,2,2,2022-11-17,2023-02-28,48.18759918212891,11.53086090087891,triebstrasse,11e,80993,0,0,0,total,1.0,2aa5a805-38a3-450c-b92b-f08c78a5fad4,2aa5a805-38a3-450c-b92b-f08c78a5fad4-2,1,2.0,148322.0,639.0,,,,1,15,13,13,31917.0,4.7565722,0,11,44,0,11,44,136.3,0,11,44,136.3
12357,1,1,2019-01-01,2023-02-28,48.1871223449707,11.53485107421875,triebstrasse,35,80993,0,0,0,allguth,,0271f0fc-65ed-4725-a922-57eec615195b,0271f0fc-65ed-4725-a922-57eec615195b,0,,151372.0,37944.0,Allguth,Allguth,Allguth GmbH,1,15,13,13,31917.0,4.7565722,2,11,48,2,11,48,42.3,2,11,48,42.3
12358,2,1,2019-01-01,2023-02-15,48.18719100952148,11.53530025482178,triebstrasse,35a,80993,0,0,0,omv,,f4c21018-060e-4d56-88c7-e7caede0d453,f4c21018-060e-4d56-88c7-e7caede0d453,0,,148760.0,5349.0,OMV,OMV,OMV Deutschland GmbH,1,15,13,13,31917.0,4.7565722,2,10,47,2,10,47,9.7,2,10,47,9.7
12358,2,2,2022-07-22,2023-02-28,48.18719100952148,11.53530025482178,triebstrasse,35a,80993,0,0,0,avia,1.0,2c5498fb-6a85-45c7-adc4-c38121cd9423,2c5498fb-6a85-45c7-adc4-c38121cd9423,0,,148760.0,5349.0,,,,1,15,13,13,31917.0,4.7565722,2,10,47,2,10,47,9.7,2,10,47,9.7
12359,1,1,2019-01-02,2023-02-15,48.21498489379883,11.54633522033691,duelfer strasse,52,80995,0,0,0,sued treibstoff,,8f9beb3d-c617-47f1-08f7-cccb612a7dce,8f9beb3d-c617-47f1-08f7-cccb612a7dce,0,,202661.0,56388.0,Sonstige-Freie-Tankstellen,Sonstige Tankstellen,Süd Treibstoff,1,17,14,14,31917.0,4.7565722,1,2,18,1,2,18,100.9,1,2,18,100.9
12360,1,1,2019-01-01,2023-02-28,48.17787551879883,11.49708461761475,allacher strasse,78,80997,0,0,0,sonstige,,86e9bb80-1255-4f31-84b8-87e043b1e005,86e9bb80-1255-4f31-84b8-87e043b1e005,0,,156584.0,13102.0,Waschanlagen,Sonstige Tankstellen,Super Wasch 2000 Amberger KG,1,23,18,18,31917.0,4.7565722,0,6,34,0,6,34,122.4,0,6,34,122.4
12361,1,1,2019-01-01,2023-02-28,48.19246292114258,11.49993896484375,am neubruch,7,80997,0,0,0,allguth,,9f32a2f0-7ebc-4dcc-b8e3-48640824b30b,9f32a2f0-7ebc-4dcc-b8e3-48640824b30b,0,,152290.0,377.0,Allguth,Allguth,Allguth GmbH,1,25,20,18,31917.0,4.7565722,0,2,23,0,2,23,149.8,0,2,23,149.8
12362,1,1,2019-01-01,2023-02-28,48.1787109375,11.48684024810791,von kahr strasse,1,80997,0,0,0,allguth,,4b7e7978-b9ac-4013-9c28-c6afbfd4cb2d,4b7e7978-b9ac-4013-9c28-c6afbfd4cb2d,0,,144726.0,12475.0,Allguth,Allguth,Allguth GmbH,1,23,18,18,31917.0,4.7565722,1,5,25,1,5,25,118.0,1,5,25,118.0
12363,1,1,2019-01-01,2023-02-28,48.18069839477539,11.46090030670166,eversbuschstrasse,33,80999,0,0,0,oil!,,0e18d0d3-ed38-4e7f-a18e-507a78ad901d,0e18d0d3-ed38-4e7f-a18e-507a78ad901d,0,,155874.0,103208.0,Marquard & Bahls,Oil-Tankstellen,OIL! Tankstellen GmbH & Co. KG,1,26,21,18,31917.0,4.7565722,0,4,15,0,4,15,166.5,0,4,15,166.5
12364,1,1,2019-01-01,2023-02-28,48.17758941650391,11.46743965148926,von kahr strasse,62,80999,0,0,0,agip,,5c260943-10ef-4129-8036-ad49ae5f35d5,5c260943-10ef-4129-8036-ad49ae5f35d5,0,,145228.0,12682.0,ENI,ENI,Eni Deutschland GmbH,1,26,21,18,31917.0,4.7565722,1,5,21,1,5,21,106.1,1,5,21,106.1
12365,1,1,2019-01-01,2023-02-28,48.14531326293945,11.47743511199951,landsberger strasse,420/424,81241,0,0,0,mr wash,,00d5c1b0-ad92-428e-b1e0-067d8b8a76bc,00d5c1b0-ad92-428e-b1e0-067d8b8a76bc,0,,154230.0,5346.0,Waschanlagen,Mr. Wash,Mr.Wash Auto-Service Aktiengesellschaft,1,32,25,20,31917.0,4.7565722,2,3,30,2,3,30,58.5,2,3,30,58.5
12366,1,1,2019-01-01,2023-02-28,48.14511108398438,11.47861480712891,landsberger strasse,423-425,81241,0,0,0,aral,,fe9be5a3-0e5e-4f29-b07d-69faddac3390,fe9be5a3-0e5e-4f29-b07d-69faddac3390,0,,146652.0,37838.0,ARAL-Tankstellen,Vewag,VEWAG Verwaltungsgesellschaft mbH,1,32,25,20,31917.0,4.7565722,2,6,32,2,6,32,11.9,2,6,32,11.9
12367,2,1,2019-01-01,2019-08-01,48.14524078369141,11.47244262695313,landsberger strasse,447,81241,0,0,0,agip,,17b1506e-311b-4ef6-9c86-1a35290ea6d0,17b1506e-311b-4ef6-9c86-1a35290ea6d0,0,,148305.0,151598.0,,,,1,32,25,20,31917.0,4.7565722,2,4,31,2,4,31,40.4,2,4,31,40.4
12367,2,2,2019-10-03,2023-02-28,48.14524078369141,11.47244262695313,landsberger strasse,447,81241,0,0,0,star,1.0,005056a9-779e-1ee9-b495-674d301b0801,005056a9-779e-1ee9-b495-674d301b0801,0,,148305.0,151598.0,Orlen,Orlen,ORLEN Deutschland AG,1,32,25,20,31917.0,4.7565722,2,4,31,2,4,31,40.4,2,4,31,40.4
12368,1,1,2019-01-01,2023-02-28,48.14887237548828,11.45507144927979,lortzingstrasse,20,81241,0,0,0,esso,,f0686712-bcfb-40c8-a2eb-9fbb48a24aa3,f0686712-bcfb-40c8-a2eb-9fbb48a24aa3,0,,144542.0,17042.0,Esso-Tankstellen,ROC,Retail Operating Company Deutschland GmbH,1,32,25,20,31917.0,4.7565722,0,6,23,0,6,23,146.7,0,6,23,146.7
12369,1,1,2019-01-01,2023-02-28,48.1429443359375,11.4249267578125,bodenseestrasse,231,81243,0,0,0,allguth,,620ba28e-edf4-43d7-bca3-eb0612952475,620ba28e-edf4-43d7-bca3-eb0612952475,0,,143300.0,22937.0,Allguth,Allguth,Allguth GmbH,1,33,26,21,31917.0,4.7565722,2,5,19,2,5,19,57.4,2,5,19,57.4
12370,1,1,2019-01-01,2023-02-28,48.14690399169922,11.45142364501953,bodenseestrasse,40,81243,0,0,0,shell,,0a232eef-5e75-4a2b-a0b0-d31e1883e29f,0a232eef-5e75-4a2b-a0b0-d31e1883e29f,0,,143879.0,5340.0,Shell-Tankstellen,Andreas Namendorf,Andreas Namendorf GmbH,1,32,25,20,31917.0,4.7565722,1,8,25,1,8,25,49.7,1,8,25,49.7
12371,1,1,2019-01-01,2022-09-30,48.14598846435547,11.42175960540771,limesstrasse,72,81243,0,0,0,jet,,51d4b5fe-a095-1aa0-e100-80009459e03a,51d4b5fe-a095-1aa0-e100-80009459e03a,0,,144583.0,3525.0,JET,JET,ConocoPhillips Germany GmbH,1,33,26,21,31917.0,4.7565722,1,3,17,1,3,17,57.5,1,3,17,57.5
12372,1,1,2019-01-01,2023-02-28,48.1643180847168,11.48854064941406,amalienburgstrasse,20,81247,0,0,0,bavaria petrol,,a0e00e71-fa8e-4ad0-bd17-24c0e0baa6e5,a0e00e71-fa8e-4ad0-bd17-24c0e0baa6e5,0,,147236.0,14568.0,Bavaria Petrol,Bavaria Petrol,Bavaria Petrol GmbH & Co. KG,1,27,22,18,31917.0,4.7565722,0,9,38,0,9,38,125.6,0,9,38,125.6
12373,1,1,2019-01-01,2023-02-28,48.16447067260742,11.459228515625,verdistrasse,141,81247,0,0,0,agip,,acb2997b-57aa-4d55-a71b-c9f7d8eef71c,acb2997b-57aa-4d55-a71b-c9f7d8eef71c,0,,143101.0,22557.0,ENI,ENI,Eni Deutschland GmbH,1,27,22,18,31917.0,4.7565722,3,6,31,3,6,31,18.8,3,6,31,18.8
12374,1,1,2019-01-01,2023-02-28,48.16479873657227,11.4596996307373,verdistrasse,142,81247,0,0,0,jet,,51d4b506-a095-1aa0-e100-80009459e03a,51d4b506-a095-1aa0-e100-80009459e03a,0,,152855.0,527.0,JET,JET,ConocoPhillips Germany GmbH,1,27,22,18,31917.0,4.7565722,3,6,31,3,6,31,19.7,3,6,31,19.7
12375,1,1,2019-01-01,2023-02-28,48.16490173339844,11.47189998626709,verdistrasse,68,81247,0,0,0,omv,,d8670da9-ee86-451c-b78a-87ffe1a5c93a,d8670da9-ee86-451c-b78a-87ffe1a5c93a,0,,143570.0,33068.0,OMV,OMV,OMV Deutschland GmbH,1,27,22,18,31917.0,4.7565722,3,4,28,3,4,28,44.4,3,4,28,44.4
12376,1,1,2019-01-01,2023-02-28,48.16499710083008,11.46721076965332,verdistrasse,96,81247,0,0,0,shell,,eca70e95-396b-4ed5-99bf-001f66c5f0d8,eca70e95-396b-4ed5-99bf-001f66c5f0d8,0,,148060.0,9608.0,Shell-Tankstellen,Richard Halter,Richard Halter GmbH,1,27,22,18,31917.0,4.7565722,3,4,29,3,4,29,47.7,3,4,29,47.7
12377,1,1,2019-01-01,2023-02-28,48.14118576049805,11.41395473480225,bodenseestrasse,317,81249,0,0,0,bavaria petrol,,32f30926-01dd-41aa-9e05-7820caafd24f,32f30926-01dd-41aa-9e05-7820caafd24f,0,,150590.0,33072.0,Bavaria Petrol,Bavaria Petrol,Bavaria Petrol GmbH & Co. KG,1,33,26,21,31917.0,4.7565722,1,3,21,1,3,21,95.9,1,3,21,95.9
12378,1,1,2019-01-01,2023-02-28,48.17895126342773,11.4051456451416,lochhausener strasse,229,81249,0,0,0,aral,,e6d75bd3-6c9d-4883-869e-bba46bb3dc79,e6d75bd3-6c9d-4883-869e-bba46bb3dc79,0,,144824.0,16146.0,ARAL-Tankstellen,ARAL,Aral Aktiengesellschaft,1,38,31,25,31917.0,4.7565722,0,3,15,0,3,15,180.0,0,3,15,180.0
12379,1,1,2019-01-01,2023-02-28,48.11227416992188,11.53918170928955,plinganser strasse,70,81369,0,0,0,aral,,eb8ff3b3-6e15-48c7-bb17-0d8fdd1e11ff,eb8ff3b3-6e15-48c7-bb17-0d8fdd1e11ff,0,,143785.0,14272.0,ARAL-Tankstellen,ARAL,Aral Aktiengesellschaft,1,34,27,22,31917.0,4.7565722,0,4,29,0,4,29,224.4,0,4,29,224.4
12380,1,1,2019-01-01,2023-02-28,48.12237930297852,11.5486421585083,impler strasse,21,81371,0,0,0,agip,,26d1059f-e9f0-4911-8474-9693f76a6fec,26d1059f-e9f0-4911-8474-9693f76a6fec,0,,145786.0,19132.0,ENI,ENI,Eni Deutschland GmbH,1,34,27,22,31917.0,4.7565722,0,2,33,0,2,33,200.9,0,2,33,200.9
12381,1,1,2019-01-01,2023-02-28,48.11886461565264,11.47840384678211,waldwiesenstrasse,31,81375,0,0,0,aral,,0055bbb5-2c30-4cb9-89f4-d937cf121770,0055bbb5-2c30-4cb9-89f4-d937cf121770,0,,145589.0,12379.0,ARAL-Tankstellen,ARAL,Aral Aktiengesellschaft,1,31,24,19,31917.0,4.7565722,1,5,29,1,5,29,112.9,1,5,29,112.9
12382,1,1,2019-01-01,2023-02-28,48.11746215820313,11.47829055786133,waldwiesenstrasse,39,81375,0,0,0,esso,,d9babca4-6d00-4d08-81ca-421a3329b83a,d9babca4-6d00-4d08-81ca-421a3329b83a,0,,143519.0,16260.0,Esso-Tankstellen,ROC,Retail Operating Company Deutschland GmbH,1,31,24,19,31917.0,4.7565722,2,4,31,2,4,31,26.0,2,4,31,26.0
12383,1,1,2019-01-01,2023-02-28,48.11483764648438,11.48082637786865,wuermtalstrasse,97,81375,0,0,0,esso,,b274766d-4551-4348-9ab7-ffce58ee469c,b274766d-4551-4348-9ab7-ffce58ee469c,0,,145318.0,17048.0,Esso-Tankstellen,ROC,Retail Operating Company Deutschland GmbH,1,31,24,19,31917.0,4.7565722,2,5,27,2,5,27,84.0,2,5,27,84.0
12384,1,1,2019-01-01,2023-02-28,48.11991119384766,11.50302028656006,fuerstenrieder strasse,175,81377,0,0,0,allguth,,3118018a-15fe-4594-b75a-42d451037ff0,3118018a-15fe-4594-b75a-42d451037ff0,0,,144671.0,149715.0,Allguth,Allguth,Allguth GmbH,1,29,23,19,31917.0,4.7565722,2,8,33,2,8,33,46.3,2,8,33,46.3
12385,1,1,2019-01-01,2023-02-28,48.11759948730469,11.50279998779297,fuerstenrieder strasse,207,81377,0,0,0,jet,,51d4b676-a095-1aa0-e100-80009459e03a,51d4b676-a095-1aa0-e100-80009459e03a,0,,155206.0,12128.0,JET,JET,ConocoPhillips Germany GmbH,1,29,23,19,31917.0,4.7565722,2,7,31,2,7,31,49.1,2,7,31,49.1
12386,1,1,2019-01-01,2023-02-28,48.12107849121094,11.50224018096924,fuerstenrieder strasse,210,81377,0,0,0,allguth,,2ba871b9-634a-4b92-9b5c-5c3efda57077,2ba871b9-634a-4b92-9b5c-5c3efda57077,0,,147694.0,22730.0,Allguth,Allguth,Allguth GmbH,1,29,23,19,31917.0,4.7565722,2,9,33,2,9,33,38.4,2,9,33,38.4
12387,1,1,2019-01-01,2023-02-28,48.12134552001953,11.51881694793701,garmischer strasse,197,81377,0,0,0,aral,,fb150c27-af4b-40fa-aaea-47436bc12041,fb150c27-af4b-40fa-aaea-47436bc12041,0,,148501.0,10556.0,ARAL-Tankstellen,ARAL,Aral Aktiengesellschaft,1,30,23,19,31917.0,4.7565722,0,6,35,0,6,35,169.4,0,6,35,169.4
12388,1,1,2019-01-01,2023-02-28,48.09846115112305,11.51857757568359,boschetsrieder strasse,127,81379,0,0,0,aral,,de70d393-f605-484b-a6e4-caa3992ab8ec,de70d393-f605-484b-a6e4-caa3992ab8ec,0,,147775.0,10557.0,ARAL-Tankstellen,ARAL,Aral Aktiengesellschaft,1,35,28,22,31917.0,4.7565722,0,4,25,0,4,25,186.0,0,4,25,186.0
12389,1,1,2019-01-01,2023-02-28,48.09795761108398,11.51188945770264,boschetsrieder strasse,139,81379,0,0,0,allguth,,430f6f71-72cb-4996-9d4b-bb12d1793a92,430f6f71-72cb-4996-9d4b-bb12d1793a92,0,,146359.0,18979.0,Allguth,Allguth,Allguth GmbH,1,35,28,22,31917.0,4.7565722,2,4,27,2,4,27,62.0,2,4,27,62.0
12390,1,1,2019-01-01,2023-02-28,48.0989990234375,11.50710964202881,boschetsrieder strasse,162,81379,0,0,0,agip,,47b6c7c4-65fe-4ad5-8aab-3969e53a084c,47b6c7c4-65fe-4ad5-8aab-3969e53a084c,0,,147310.0,17599.0,ENI,ENI,Eni Deutschland GmbH,1,35,28,22,31917.0,4.7565722,0,4,26,0,4,26,224.8,0,4,26,224.8
12391,1,1,2019-01-02,2023-02-28,48.09408950805664,11.50564193725586,kistlerhofstrasse,259,81379,0,0,0,sonstige,,2e42747d-1be1-472a-4fc5-d3073ad7d533,2e42747d-1be1-472a-4fc5-d3073ad7d533,0,,150658.0,11625.0,Sonstige-Freie-Tankstellen,Sonstige Tankstellen,Peter Endrass,1,35,28,22,31917.0,4.7565722,2,6,25,2,6,25,80.3,2,6,25,80.3
12392,1,1,2019-01-01,2020-12-30,48.09231567382813,11.53927707672119,wolfratshauser strasse,92,81379,0,0,0,aral,,c14dd592-3152-4d86-a5ce-ba661433930d,c14dd592-3152-4d86-a5ce-ba661433930d,0,,149929.0,,ARAL-Tankstellen,ARAL,Aral Aktiengesellschaft,1,34,27,22,31917.0,4.7565722,0,3,21,0,3,21,217.3,0,3,21,217.3
12393,1,1,2019-01-01,2023-02-28,48.10324478149414,11.53347492218018,zielstattstrasse,8a,81379,0,0,0,bavaria petrol,,a07b7f50-6e6f-4e6e-9bce-17d79bf0778c,a07b7f50-6e6f-4e6e-9bce-17d79bf0778c,0,,153344.0,71.0,Bavaria Petrol,Bavaria Petrol,Bavaria Petrol GmbH & Co. KG,1,35,28,22,31917.0,4.7565722,0,6,31,0,6,31,232.5,0,6,31,232.5
12394,1,1,2019-01-01,2023-02-28,48.08752059936523,11.48429012298584,neurieder strasse,18,81475,0,0,0,agip,,3f3b93ba-2d43-4d99-9416-efe161961bbb,3f3b93ba-2d43-4d99-9416-efe161961bbb,0,,142748.0,21639.0,ENI,ENI,Eni Deutschland GmbH,1,36,29,23,31917.0,4.7565722,0,2,21,0,2,21,151.1,0,2,21,151.1
12395,1,1,2019-01-01,2023-02-28,48.08462142944336,11.49077033996582,liesl karlstadt strasse,25,81476,0,0,0,shell,,dba3e2af-0314-4c39-9a13-57244fdeb47d,dba3e2af-0314-4c39-9a13-57244fdeb47d,0,,146872.0,5339.0,Shell-Tankstellen,Shell Deutschland,Enbest GmbH,1,36,29,23,31917.0,4.7565722,1,6,24,1,6,24,75.6,1,6,24,75.6
12396,1,1,2019-01-01,2023-02-28,48.07513046264648,11.51091957092285,herterichstrasse,111,81477,0,0,0,agip,,b617fc5f-e468-4238-b9ba-62bf07bbb027,b617fc5f-e468-4238-b9ba-62bf07bbb027,0,,143820.0,17600.0,ENI,ENI,Eni Deutschland GmbH,1,37,30,24,31917.0,4.7565722,0,3,12,0,3,12,201.5,0,3,12,201.5
12397,1,1,2019-01-01,2023-02-28,48.07575988769531,11.52379989624023,wolfratshauser strasse,232,81479,0,0,0,agip,,d2f097c6-08b3-41bc-a6c8-b97743d12a8f,d2f097c6-08b3-41bc-a6c8-b97743d12a8f,0,,152987.0,11185.0,ENI,ENI,Eni Deutschland GmbH,1,37,30,24,31917.0,4.7565722,0,3,12,0,3,12,131.8,0,3,12,131.8
12398,1,1,2019-01-01,2023-02-28,48.10774230957031,11.5795316696167,tegernseer landstrasse,174,81539,0,0,0,aral,,68fde088-9a72-4887-bab3-9cd82a001dc7,68fde088-9a72-4887-bab3-9cd82a001dc7,0,,144797.0,8017.0,ARAL-Tankstellen,ARAL,Aral Aktiengesellschaft,1,5,5,5,31917.0,4.7565722,1,6,34,1,6,34,102.8,1,6,34,102.8
12399,1,1,2019-01-01,2023-02-28,48.10765075683594,11.58024597167969,tegernseer landstrasse,181,81539,0,0,0,shell,,05b4fbb3-13d8-4641-a461-543901e25b29,05b4fbb3-13d8-4641-a461-543901e25b29,0,,144408.0,9611.0,Shell-Tankstellen,Johann Lex,Johann Lex GmbH,1,5,5,5,31917.0,4.7565722,1,7,36,1,7,36,103.6,1,7,36,103.6
12400,1,1,2019-01-01,2023-02-28,48.11427688598633,11.57628345489502,zehentbauernstrasse,7,81539,0,0,0,bavaria petrol,,1a59fc8f-54b2-4793-9878-f55e023fb289,1a59fc8f-54b2-4793-9878-f55e023fb289,0,,143397.0,30476.0,Bavaria Petrol,Bavaria Petrol,Bavaria Petrol GmbH & Co. KG,1,5,5,5,31917.0,4.7565722,1,6,35,1,6,35,91.6,1,6,35,91.6
12401,1,1,2019-01-01,2023-02-28,48.12361907958984,11.59545040130615,auerfeldstrasse,21,81541,0,0,0,omv,,bfc8efb6-3b9b-402c-b4c2-e6dfec24675f,bfc8efb6-3b9b-402c-b4c2-e6dfec24675f,0,,146148.0,12990.0,OMV,OMV,OMV Deutschland GmbH,1,2,2,2,31917.0,4.7565722,0,11,35,0,11,35,128.1,0,11,35,128.1
12402,1,1,2019-01-02,2023-02-24,48.1221923828125,11.59792709350586,balanstrasse,50,81541,0,0,0,v-markt,,8185cb0e-6dcf-42ad-a5e9-c63209564c96,8185cb0e-6dcf-42ad-a5e9-c63209564c96,0,,154983.0,638.0,Supermarkt-Tankstellen,V-Markt-Kaes,Georg Jos. Kaes GmbH,1,4,4,4,31917.0,4.7565722,0,0,13,0,0,13,397.1,0,0,13,397.1
12403,1,1,2019-01-02,2023-02-28,48.11035537719727,11.56788921356201,schoenstrasse,15,81543,0,0,0,sonstige,,51810dfd-e107-4f6a-5fb5-8e6b5f099bb3,51810dfd-e107-4f6a-5fb5-8e6b5f099bb3,0,,150467.0,19912.0,Sonstige-Freie-Tankstellen,Sonstige Tankstellen,Öner Vedat Südtreibstoff TK,1,5,5,5,31917.0,4.7565722,1,6,42,1,6,42,118.9,1,6,42,118.9
12404,1,1,2019-01-01,2023-02-28,48.09638214111328,11.56411361694336,gruenwalder strasse,175c,81545,0,0,0,aral,,8d253362-4f6e-4851-be38-8c9551493d3d,8d253362-4f6e-4851-be38-8c9551493d3d,0,,145389.0,12382.0,ARAL-Tankstellen,ARAL,Aral Aktiengesellschaft,1,6,6,6,31917.0,4.7565722,0,4,23,0,4,23,144.8,0,4,23,144.8
12405,1,1,2019-01-01,2023-02-28,48.10161972045898,11.56709480285645,gruenwalder strasse,112,81547,0,0,0,hem,,e1a15081-2561-9107-e040-0b0a3dfe563c,e1a15081-2561-9107-e040-0b0a3dfe563c,0,,149213.0,30671.0,Tamoil,Tamoil,Deutsche TAMOIL GmbH,1,6,6,6,31917.0,4.7565722,1,5,26,1,5,26,84.6,1,5,26,84.6
12406,1,1,2019-01-01,2023-02-28,48.10932540893555,11.60865783691406,chiemgaustrasse,185,81549,0,0,0,allguth,,1f4d9e78-38d8-45a5-84d0-2d6758380a1f,1f4d9e78-38d8-45a5-84d0-2d6758380a1f,0,,152550.0,36852.0,Allguth,Allguth,Allguth GmbH,1,3,3,3,31917.0,4.7565722,0,9,41,0,9,41,156.5,0,9,41,156.5
12407,2,1,2019-01-01,2022-07-15,48.13004302978516,11.58915233612061,hochstrasse,5,81669,0,0,0,esso,,cbbd65ed-bc19-406c-9897-fb351ba05a47,cbbd65ed-bc19-406c-9897-fb351ba05a47,0,,145251.0,17041.0,Esso-Tankstellen,ROC,Retail Operating Company Deutschland GmbH,1,1,1,1,31917.0,4.7565722,0,5,38,0,5,38,168.9,0,5,38,168.9
12407,2,2,2022-07-15,2023-02-28,48.13004302978516,11.58915233612061,hochstrasse,5,81669,0,0,0,avia,1.0,d5824a68-07fe-405a-ac50-d7cf7314c5ce,d5824a68-07fe-405a-ac50-d7cf7314c5ce,0,,145251.0,17041.0,,,,1,1,1,1,31917.0,4.7565722,0,5,38,0,5,38,168.9,0,5,38,168.9
12408,1,1,2019-01-01,2023-02-28,48.11490631103516,11.61715412139893,innsbrucker ring,142,81669,0,0,0,shell,,2acc4724-ea6a-4874-baa6-e191ccb12756,2acc4724-ea6a-4874-baa6-e191ccb12756,0,,145766.0,9616.0,Shell-Tankstellen,Johann Lex,Johann Lex GmbH,1,3,3,3,31917.0,4.7565722,3,10,45,3,10,45,49.3,3,10,45,49.3
12409,1,1,2019-01-01,2023-02-28,48.11434936523438,11.61760997772217,innsbrucker ring,149,81669,0,0,0,agip,,f3aacba3-28e5-4413-acfa-871464c726c0,f3aacba3-28e5-4413-acfa-871464c726c0,0,,143380.0,23019.0,ENI,ENI,Eni Deutschland GmbH,1,3,3,3,31917.0,4.7565722,2,12,46,2,12,46,53.4,2,12,46,53.4
12410,2,1,2019-01-01,2022-08-03,48.11362838745117,11.61697006225586,innsbrucker ring,153,81669,0,0,0,omv,,18e9f3e7-c9c7-4751-8655-e5064656467e,18e9f3e7-c9c7-4751-8655-e5064656467e,0,,150089.0,10906.0,OMV,OMV,OMV Deutschland GmbH,1,3,3,3,31917.0,4.7565722,2,12,46,2,12,46,25.4,2,12,46,25.4
12410,2,2,2022-07-18,2023-02-28,48.11362838745117,11.61697006225586,innsbrucker ring,153,81669,0,0,0,avia,1.0,e11f150d-dddc-417f-9ce6-1d0252c3c717,e11f150d-dddc-417f-9ce6-1d0252c3c717,0,,150089.0,10906.0,,,,1,3,3,3,31917.0,4.7565722,2,12,46,2,12,46,25.4,2,12,46,25.4
12411,1,1,2019-01-01,2023-02-28,48.11920547485352,11.60777187347412,rosenheimer strasse,138,81669,0,0,0,aral,,453b345b-e1a7-49a4-b785-89664328db7d,453b345b-e1a7-49a4-b785-89664328db7d,0,,146424.0,10904.0,ARAL-Tankstellen,ARAL,Aral Aktiengesellschaft,1,2,2,2,31917.0,4.7565722,1,14,47,1,14,47,112.7,1,14,47,112.7
12412,1,1,2019-01-04,2023-02-28,48.12665939331055,11.60644245147705,friedenstrasse,16,81671,0,0,0,sonstige,,00061651-0001-4444-8888-acdc00000001,00061651-0001-4444-8888-acdc00000001,0,,153969.0,150.0,Supermarkt-Tankstellen,Hamberger,Hamberger Großmarkt GmbH,1,2,2,2,31917.0,4.7565722,1,13,49,1,13,49,109.0,1,13,49,109.0
12413,1,1,2019-01-01,2023-02-28,48.12338638305664,11.62023162841797,innsbrucker ring,52,81671,0,0,0,esso,,34ad8aa4-f447-4e08-be64-3142eb7629dd,34ad8aa4-f447-4e08-be64-3142eb7629dd,0,,144924.0,11584.0,Esso-Tankstellen,ROC,Retail Operating Company Deutschland GmbH,1,3,3,3,31917.0,4.7565722,1,11,40,1,11,40,91.3,1,11,40,91.3
12414,1,1,2019-01-01,2023-02-28,48.13050842285156,11.61717319488525,berg am laim strasse,60,81673,0,0,0,aral,,d2ccdd07-0827-41d8-a1ea-1d1cbee94a53,d2ccdd07-0827-41d8-a1ea-1d1cbee94a53,0,,144099.0,11381.0,ARAL-Tankstellen,ARAL,Aral Aktiengesellschaft,1,2,2,2,31917.0,4.7565722,0,12,38,0,12,38,140.8,0,12,38,140.8
12415,1,1,2019-01-01,2023-02-28,48.13716888427734,11.62139511108398,einsteinstrasse,168,81675,0,0,0,esso,,c76fa28b-4819-4319-9065-b6e696b316f2,c76fa28b-4819-4319-9065-b6e696b316f2,0,,150575.0,17039.0,Esso-Tankstellen,ROC,Retail Operating Company Deutschland GmbH,1,19,15,15,31917.0,4.7565722,0,3,41,0,3,41,238.4,0,3,41,238.4
12416,1,1,2019-01-01,2023-02-28,48.13455200195313,11.60985374450684,grillparzerstrasse,15,81675,0,0,0,shell,,0c3b710a-3aae-45c9-998d-e0783ef83b60,0c3b710a-3aae-45c9-998d-e0783ef83b60,0,,147271.0,9625.0,Shell-Tankstellen,Johann Lex,Johann Lex GmbH,1,2,2,2,31917.0,4.7565722,2,11,47,2,11,47,84.5,2,11,47,84.5
12417,1,1,2019-01-01,2023-02-28,48.14571762084961,11.6163387298584,richard strauss strasse,70,81679,0,0,0,aral,,8d3f8ec1-95ba-42bc-9c9a-79432c2695e3,8d3f8ec1-95ba-42bc-9c9a-79432c2695e3,0,,146715.0,1166.0,ARAL-Tankstellen,Bavaria Petrol,Bavaria Petrol GmbH & Co. KG,1,19,15,15,31917.0,4.7565722,0,7,39,0,7,39,216.1,0,7,39,216.1
12418,1,1,2019-01-01,2023-02-28,48.11832809448242,11.63107967376709,heinrich wieland strasse,2,81735,0,0,0,aral,,60c3a07c-2ebe-4073-adae-a667e22fd4c8,60c3a07c-2ebe-4073-adae-a667e22fd4c8,0,,147036.0,5329.0,ARAL-Tankstellen,ARAL,Aral Aktiengesellschaft,1,3,3,3,31917.0,4.7565722,0,8,36,0,8,36,159.5,0,8,36,159.5
12419,1,1,2019-01-01,2023-02-28,48.11281967163086,11.6480598449707,heinrich wieland strasse,97,81735,0,0,0,omv,,b84b16c1-2dad-4ed0-8823-916d8ed954bf,b84b16c1-2dad-4ed0-8823-916d8ed954bf,0,,146884.0,5338.0,OMV,OMV,OMV Deutschland GmbH,1,7,7,7,31917.0,4.7565722,0,7,25,0,7,25,198.8,0,7,25,198.8
12420,1,1,2019-01-01,2023-02-28,48.1077766418457,11.65765285491943,karl marx ring,48,81735,0,0,0,jet,,51d4b71e-a095-1aa0-e100-80009459e03a,51d4b71e-a095-1aa0-e100-80009459e03a,0,,152207.0,12381.0,JET,JET,ConocoPhillips Germany GmbH,1,7,7,7,31917.0,4.7565722,0,3,24,0,3,24,136.7,0,3,24,136.7
12421,1,1,2019-01-01,2023-02-28,48.10884094238281,11.63998603820801,quiddestrasse,31,81735,0,0,0,agip,,0e630d02-c047-4bc4-b7f4-66450b4ffd67,0e630d02-c047-4bc4-b7f4-66450b4ffd67,0,,150313.0,17044.0,ENI,ENI,Eni Deutschland GmbH,1,7,7,7,31917.0,4.7565722,0,9,26,0,9,26,129.0,0,9,26,129.0
12422,1,1,2019-01-01,2023-02-28,48.10269165039063,11.62537002563477,ottobrunner strasse,116,81737,0,0,0,omv,,41d21507-a552-4311-873a-d0a2143292af,41d21507-a552-4311-873a-d0a2143292af,0,,147097.0,19320.0,OMV,OMV,OMV Deutschland GmbH,1,3,3,3,31917.0,4.7565722,0,7,37,0,7,37,152.4,0,7,37,152.4
12423,1,1,2020-08-19,2023-02-28,48.12533569335938,11.64848232269287,kreillerstrasse,128,81825,0,0,0,shell,,31942518-6065-454a-8541-bb4c80f13fd4,31942518-6065-454a-8541-bb4c80f13fd4,0,,155923.0,156361.0,Shell-Tankstellen,Shell Deutschland,Maier & Korduletsch Tankstellen GmbH,1,8,8,8,31917.0,4.7565722,0,4,31,0,4,31,173.8,0,4,31,173.8
12424,1,1,2019-01-01,2023-02-28,48.12201309204102,11.66403007507324,kreillerstrasse,219,81825,0,0,0,allguth,,435c2e50-cc83-4620-9abc-0e972d7050d1,435c2e50-cc83-4620-9abc-0e972d7050d1,0,,148577.0,22942.0,Allguth,Allguth,Allguth GmbH,1,8,8,8,31917.0,4.7565722,1,5,30,1,5,30,69.3,1,5,30,69.3
12425,1,1,2019-01-01,2023-02-28,48.12134170532227,11.66385364532471,kreillerstrasse,220,81825,0,0,0,allguth,,67693691-5653-44b1-9c0f-1151ddc9ea40,67693691-5653-44b1-9c0f-1151ddc9ea40,0,,149445.0,101147.0,Allguth,Allguth,Allguth GmbH,1,8,8,8,31917.0,4.7565722,1,7,30,1,7,30,31.8,1,7,30,31.8
12426,1,1,2019-01-01,2023-02-28,48.1317138671875,11.64357662200928,truderinger strasse,186,81825,0,0,0,jet,,51d4b47e-a095-1aa0-e100-80009459e03a,51d4b47e-a095-1aa0-e100-80009459e03a,0,,151324.0,42350.0,JET,JET,ConocoPhillips Germany GmbH,1,8,8,8,31917.0,4.7565722,0,4,31,0,4,31,194.7,0,4,31,194.7
12427,1,1,2019-01-01,2023-02-28,48.11972045898438,11.677734375,wasserburger landstrasse,51,81825,0,0,0,aral,,7d7e9d1a-b830-4672-a0a1-1c5cc471c205,7d7e9d1a-b830-4672-a0a1-1c5cc471c205,0,,149032.0,1908.0,ARAL-Tankstellen,ARAL,Aral Aktiengesellschaft,1,8,8,8,31917.0,4.7565722,0,3,25,0,3,25,123.7,0,3,25,123.7
12428,1,1,2022-03-09,2023-02-28,48.10890579223633,11.66352653503418,zehntfeldstrasse,219,81825,0,0,0,sonstige,,5e2ef2b3-faf3-4d65-9cc7-e19a645e2752,5e2ef2b3-faf3-4d65-9cc7-e19a645e2752,0,,,,,,,1,7,7,7,31917.0,4.7565722,0,4,23,0,4,23,160.1,0,4,23,160.1
12429,1,1,2019-01-01,2023-02-28,48.11120986938477,11.7130298614502,wasserburger landstrasse,285,81827,0,0,0,hem,,2a6ec536-a1e2-44cd-aaa6-2abc46b36866,2a6ec536-a1e2-44cd-aaa6-2abc46b36866,0,,149443.0,99208.0,Tamoil,Tamoil,Deutsche TAMOIL GmbH,1,9,9,9,31917.0,4.7565722,1,2,13,1,2,13,72.6,1,2,13,72.6
12430,1,1,2019-01-01,2023-02-28,48.11079788208008,11.7143030166626,wasserburger landstrasse,292,81827,0,0,0,esso,,19a36bac-ea1e-42b2-b7cd-c9f0fa8d0bd1,19a36bac-ea1e-42b2-b7cd-c9f0fa8d0bd1,0,,144077.0,10438.0,Esso-Tankstellen,ROC,Retail Operating Company Deutschland GmbH,1,9,9,9,31917.0,4.7565722,2,3,12,2,3,12,24.0,2,3,12,24.0
12431,1,1,2019-01-02,2023-02-21,48.14452362060547,11.70631790161133,hofbraeuallee,8,81829,0,0,0,bft,,00061467-0014-4444-8888-acdcffffffff,00061467-0014-4444-8888-acdcffffffff,0,,,,,,,1,10,10,10,31917.0,4.7565722,0,7,34,0,7,34,146.7,0,7,34,146.7
12432,1,1,2019-01-01,2023-02-28,48.13794708251953,11.71275043487549,otto perutz strasse,1-3,81829,0,0,0,aral,,c1ab85a6-a64f-46b9-89d5-260cc1d5d77c,c1ab85a6-a64f-46b9-89d5-260cc1d5d77c,0,,152921.0,46111.0,ARAL-Tankstellen,Vewag,VEWAG Verwaltungsgesellschaft mbH,1,10,10,10,31917.0,4.7565722,0,7,29,0,7,29,124.6,0,7,29,124.6
12433,2,1,2019-01-01,2019-03-11,48.14049911499023,11.67969989776611,riemer strasse,339,81829,0,0,0,sprint,,c523907d-d7c6-47dd-9289-04c528d7deee,c523907d-d7c6-47dd-9289-04c528d7deee,0,,144233.0,149233.0,Sprint Tank,Sprint Tank,Sprint Tank GmbH,1,10,10,10,31917.0,4.7565722,1,6,37,1,6,37,30.3,1,6,37,30.3
12433,2,2,2019-03-13,2023-02-28,48.14049911499023,11.67969989776611,riemer strasse,339,81829,0,0,0,sprint,0.0,01286f59-0bf7-4d9c-be8d-ee5683239021,01286f59-0bf7-4d9c-be8d-ee5683239021,0,,144233.0,149233.0,Sprint Tank,Sprint Tank,Sprint Tank GmbH,1,10,10,10,31917.0,4.7565722,1,6,37,1,6,37,30.3,1,6,37,30.3
12434,1,1,2019-01-01,2023-02-28,48.14063262939453,11.68391609191895,riemer strasse,360,81829,0,0,0,aral,,de935c7e-bbdd-4d77-942a-69a77d2c1060,de935c7e-bbdd-4d77-942a-69a77d2c1060,0,,149554.0,16149.0,ARAL-Tankstellen,ARAL,Aral Aktiengesellschaft,1,10,10,10,31917.0,4.7565722,1,7,40,1,7,40,30.3,1,7,40,30.3
12435,2,1,2019-01-01,2022-07-18,48.16032791137695,11.62081718444824,effnerstrasse,101,81925,0,0,0,esso,,43e9d300-e535-411a-842f-5d12af2956ad,43e9d300-e535-411a-842f-5d12af2956ad,0,,148187.0,17038.0,Esso-Tankstellen,ROC,Retail Operating Company Deutschland GmbH,1,20,15,15,31917.0,4.7565722,0,3,29,0,3,29,182.1,0,3,29,182.1
12435,2,2,2022-07-19,2023-02-28,48.16032791137695,11.62081718444824,effnerstrasse,101,81925,0,0,0,avia,1.0,24f7ef7b-31cc-47ea-ab53-c0187492e94f,24f7ef7b-31cc-47ea-ab53-c0187492e94f,0,,148187.0,17038.0,,,,1,20,15,15,31917.0,4.7565722,0,3,29,0,3,29,182.1,0,3,29,182.1
12436,1,1,2019-01-01,2023-02-28,48.16280746459961,11.62447643280029,effnerstrasse,130,81925,0,0,0,esso,,6c2ff229-2e9a-47da-8394-8bff5ab91875,6c2ff229-2e9a-47da-8394-8bff5ab91875,0,,144212.0,1517.0,Esso-Tankstellen,ROC,Retail Operating Company Deutschland GmbH,1,20,15,15,31917.0,4.7565722,1,6,34,1,6,34,111.0,1,6,34,111.0
12437,1,1,2019-01-01,2023-02-28,48.1680793762207,11.62455081939697,oberfoehringer strasse,178,81925,0,0,0,agip,,be811e79-cf4f-48dd-a6de-74cdf410bd8e,be811e79-cf4f-48dd-a6de-74cdf410bd8e,0,,144244.0,17601.0,ENI,ENI,Eni Deutschland GmbH,1,20,15,15,31917.0,4.7565722,1,4,27,1,4,27,110.9,1,4,27,110.9
12438,1,1,2019-01-01,2023-02-28,48.1556282043457,11.63000011444092,cosimastrasse,10,81927,0,0,0,omv,,6eaab5b6-646e-4439-81fc-ce5005259a15,6eaab5b6-646e-4439-81fc-ce5005259a15,0,,147359.0,19231.0,OMV,OMV,OMV Deutschland GmbH,1,20,15,15,31917.0,4.7565722,0,5,24,0,5,24,174.6,0,5,24,174.6
12439,1,1,2019-01-01,2023-02-28,48.17227935791016,11.63686847686768,cosimastrasse,234,81927,0,0,0,agip,,48500bf0-4e43-4c10-958b-5bb9eb17fb62,48500bf0-4e43-4c10-958b-5bb9eb17fb62,0,,149383.0,17602.0,ENI,ENI,Eni Deutschland GmbH,1,20,15,15,31917.0,4.7565722,0,2,18,0,2,18,213.3,0,2,18,213.3
12440,1,1,2019-01-01,2023-02-28,48.15756988525391,11.64223861694336,freischuetzstrasse,4,81927,0,0,0,aral,,17e1d0a9-62fe-466d-9dac-455ef508dbfc,17e1d0a9-62fe-466d-9dac-455ef508dbfc,0,,147095.0,5325.0,ARAL-Tankstellen,Vewag,VEWAG Verwaltungsgesellschaft mbH,1,19,15,15,31917.0,4.7565722,0,3,27,0,3,27,173.7,0,3,27,173.7
12441,2,1,2019-01-01,2023-02-15,48.14490127563477,11.63951015472412,friedrich eckart strasse,39,81929,0,0,0,omv,,088cbb3c-0b00-46fb-84ef-6317f1785055,088cbb3c-0b00-46fb-84ef-6317f1785055,0,,144989.0,16150.0,OMV,OMV,OMV Deutschland GmbH,1,19,15,15,31917.0,4.7565722,0,4,45,0,4,45,154.2,0,4,45,154.2
12441,2,2,2022-07-25,2023-02-28,48.14490127563477,11.63951015472412,friedrich eckart strasse,39,81929,0,0,0,avia,1.0,9fbe97d3-82bc-4b3b-b3d0-d8818e4e01b2,9fbe97d3-82bc-4b3b-b3d0-d8818e4e01b2,0,,144989.0,16150.0,,,,1,19,15,15,31917.0,4.7565722,0,4,45,0,4,45,154.2,0,4,45,154.2
